<?xml version="1.0" encoding="UTF-8"?>
<project-private xmlns="http://www.netbeans.org/ns/project-private/1">
    <editor-bookmarks xmlns="http://www.netbeans.org/ns/editor-bookmarks/2" lastBookmarkId="0"/>
    <open-files xmlns="http://www.netbeans.org/ns/projectui-open-files/2">
        <group>
            <file>file:/C:/Users/Josh/Documents/NetBeansProjects/Dungeon/src/dungeon/EnemyRat.java</file>
            <file>file:/C:/Users/Josh/Documents/NetBeansProjects/Dungeon/src/dungeon/Dice.java</file>
            <file>file:/C:/Users/Josh/Documents/NetBeansProjects/Dungeon/src/dungeon/BaseCharacter.java</file>
            <file>file:/C:/Users/Josh/Documents/NetBeansProjects/Dungeon/src/dungeon/Dungeon.java</file>
            <file>file:/C:/Users/Josh/Documents/NetBeansProjects/Dungeon/src/dungeon/Combat.java</file>
            <file>file:/C:/Users/Josh/Documents/NetBeansProjects/Dungeon/src/dungeon/Weapons.java</file>
            <file>file:/C:/Users/Josh/Documents/NetBeansProjects/Dungeon/src/dungeon/EnemyGolem.java</file>
            <file>file:/C:/Users/Josh/Documents/NetBeansProjects/Dungeon/src/dungeon/TileManager.java</file>
            <file>file:/C:/Users/Josh/Documents/NetBeansProjects/Dungeon/src/dungeon/Warrior.java</file>
        </group>
    </open-files>
</project-private>
